wielkosc tablicy;looking_Value;result;czas;liczba operacji;;;;
2000000;1000000;True;527;1;;;;
2100000;1050000;True;2;1;;;;
2200000;1100000;True;2;1;;;;
2300000;1150000;True;0;1;;;;
2400000;1200000;True;2;1;;;Etykiety wierszy;Suma z liczba operacji
2500000;1250000;True;1;1;;;0;72
2600000;1300000;True;3;1;;;1;262
2700000;1350000;True;1;1;;;2;437
2800000;1400000;True;1;1;;;3;251
2900000;1450000;True;0;1;;;4;63
3000000;1500000;True;1;1;;;5;4
3100000;1550000;True;0;1;;;7;1
3200000;1600000;True;1;1;;;48;1
3300000;1650000;True;1;1;;;50;1
3400000;1700000;True;1;1;;;527;1
3500000;1750000;True;1;1;;;Suma koñcowa;1093
3600000;1800000;True;1;1;;;;
3700000;1850000;True;1;1;;;;
3800000;1900000;True;1;1;;;;
3900000;1950000;True;1;1;;;;
4000000;2000000;True;0;1;;;;
4100000;2050000;True;1;1;;;;
4200000;2100000;True;0;1;;;;
4300000;2150000;True;0;1;;;;
4400000;2200000;True;1;1;;;;
4500000;2250000;True;1;1;;;;
4600000;2300000;True;0;1;;;;
4700000;2350000;True;1;1;;;;
4800000;2400000;True;1;1;;;;
4900000;2450000;True;1;1;;;;
5000000;2500000;True;0;1;;;;
5100000;2550000;True;1;1;;;;
5200000;2600000;True;0;1;;;;
5300000;2650000;True;1;1;;;;
5400000;2700000;True;2;1;;;;
5500000;2750000;True;1;1;;;;
5600000;2800000;True;1;1;;;;
5700000;2850000;True;3;1;;;;
5800000;2900000;True;3;1;;;;
5900000;2950000;True;0;1;;;;
6000000;3000000;True;2;1;;;;
6100000;3050000;True;1;1;;;;
6200000;3100000;True;0;1;;;;
6300000;3150000;True;1;1;;;;
6400000;3200000;True;1;1;;;;
6500000;3250000;True;0;1;;;;
6600000;3300000;True;1;1;;;;
6700000;3350000;True;1;1;;;;
6800000;3400000;True;1;1;;;;
6900000;3450000;True;2;1;;;;
7000000;3500000;True;2;1;;;;
7100000;3550000;True;3;1;;;;
7200000;3600000;True;3;1;;;;
7300000;3650000;True;1;1;;;;
7400000;3700000;True;2;1;;;;
7500000;3750000;True;2;1;;;;
7600000;3800000;True;1;1;;;;
7700000;3850000;True;4;1;;;;
7800000;3900000;True;2;1;;;;
7900000;3950000;True;2;1;;;;
8000000;4000000;True;1;1;;;;
8100000;4050000;True;3;1;;;;
8200000;4100000;True;1;1;;;;
8300000;4150000;True;3;1;;;;
8400000;4200000;True;2;1;;;;
8500000;4250000;True;2;1;;;;
8600000;4300000;True;1;1;;;;
8700000;4350000;True;2;1;;;;
8800000;4400000;True;1;1;;;;
8900000;4450000;True;2;1;;;;
9000000;4500000;True;2;1;;;;
9100000;4550000;True;1;1;;;;
9200000;4600000;True;1;1;;;;
9300000;4650000;True;2;1;;;;
9400000;4700000;True;2;1;;;;
9500000;4750000;True;2;1;;;;
9600000;4800000;True;2;1;;;;
9700000;4850000;True;3;1;;;;
9800000;4900000;True;3;1;;;;
9900000;4950000;True;2;1;;;;
10000000;5000000;True;2;1;;;;
10100000;5050000;True;3;1;;;;
10200000;5100000;True;3;1;;;;
10300000;5150000;True;1;1;;;;
10400000;5200000;True;2;1;;;;
10500000;5250000;True;50;1;;;;
10600000;5300000;True;3;1;;;;
10700000;5350000;True;2;1;;;;
10800000;5400000;True;1;1;;;;
10900000;5450000;True;2;1;;;;
11000000;5500000;True;3;1;;;;
11100000;5550000;True;1;1;;;;
11200000;5600000;True;0;1;;;;
11300000;5650000;True;0;1;;;;
11400000;5700000;True;3;1;;;;
11500000;5750000;True;2;1;;;;
11600000;5800000;True;3;1;;;;
11700000;5850000;True;2;1;;;;
11800000;5900000;True;3;1;;;;
11900000;5950000;True;2;1;;;;
12000000;6000000;True;3;1;;;;
12100000;6050000;True;2;1;;;;
12200000;6100000;True;2;1;;;;
12300000;6150000;True;2;1;;;;
12400000;6200000;True;3;1;;;;
12500000;6250000;True;2;1;;;;
12600000;6300000;True;3;1;;;;
12700000;6350000;True;3;1;;;;
12800000;6400000;True;2;1;;;;
12900000;6450000;True;2;1;;;;
13000000;6500000;True;3;1;;;;
13100000;6550000;True;3;1;;;;
13200000;6600000;True;0;1;;;;
13300000;6650000;True;2;1;;;;
13400000;6700000;True;2;1;;;;
13500000;6750000;True;2;1;;;;
13600000;6800000;True;2;1;;;;
13700000;6850000;True;4;1;;;;
13800000;6900000;True;2;1;;;;
13900000;6950000;True;2;1;;;;
14000000;7000000;True;3;1;;;;
14100000;7050000;True;2;1;;;;
14200000;7100000;True;2;1;;;;
14300000;7150000;True;1;1;;;;
14400000;7200000;True;1;1;;;;
14500000;7250000;True;3;1;;;;
14600000;7300000;True;3;1;;;;
14700000;7350000;True;1;1;;;;
14800000;7400000;True;2;1;;;;
14900000;7450000;True;2;1;;;;
15000000;7500000;True;3;1;;;;
15100000;7550000;True;2;1;;;;
15200000;7600000;True;1;1;;;;
15300000;7650000;True;3;1;;;;
15400000;7700000;True;1;1;;;;
15500000;7750000;True;4;1;;;;
15600000;7800000;True;0;1;;;;
15700000;7850000;True;1;1;;;;
15800000;7900000;True;2;1;;;;
15900000;7950000;True;3;1;;;;
16000000;8000000;True;2;1;;;;
16100000;8050000;True;1;1;;;;
16200000;8100000;True;2;1;;;;
16300000;8150000;True;2;1;;;;
16400000;8200000;True;2;1;;;;
16500000;8250000;True;2;1;;;;
16600000;8300000;True;3;1;;;;
16700000;8350000;True;2;1;;;;
16800000;8400000;True;2;1;;;;
16900000;8450000;True;1;1;;;;
17000000;8500000;True;1;1;;;;
17100000;8550000;True;1;1;;;;
17200000;8600000;True;2;1;;;;
17300000;8650000;True;3;1;;;;
17400000;8700000;True;0;1;;;;
17500000;8750000;True;2;1;;;;
17600000;8800000;True;1;1;;;;
17700000;8850000;True;2;1;;;;
17800000;8900000;True;3;1;;;;
17900000;8950000;True;1;1;;;;
18000000;9000000;True;3;1;;;;
18100000;9050000;True;2;1;;;;
18200000;9100000;True;2;1;;;;
18300000;9150000;True;2;1;;;;
18400000;9200000;True;3;1;;;;
18500000;9250000;True;2;1;;;;
18600000;9300000;True;1;1;;;;
18700000;9350000;True;1;1;;;;
18800000;9400000;True;3;1;;;;
18900000;9450000;True;0;1;;;;
19000000;9500000;True;1;1;;;;
19100000;9550000;True;1;1;;;;
19200000;9600000;True;2;1;;;;
19300000;9650000;True;2;1;;;;
19400000;9700000;True;2;1;;;;
19500000;9750000;True;2;1;;;;
19600000;9800000;True;2;1;;;;
19700000;9850000;True;3;1;;;;
19800000;9900000;True;2;1;;;;
19900000;9950000;True;2;1;;;;
20000000;10000000;True;1;1;;;;
20100000;10050000;True;2;1;;;;
20200000;10100000;True;1;1;;;;
20300000;10150000;True;4;1;;;;
20400000;10200000;True;2;1;;;;
20500000;10250000;True;0;1;;;;
20600000;10300000;True;3;1;;;;
20700000;10350000;True;1;1;;;;
20800000;10400000;True;2;1;;;;
20900000;10450000;True;2;1;;;;
21000000;10500000;True;2;1;;;;
21100000;10550000;True;3;1;;;;
21200000;10600000;True;2;1;;;;
21300000;10650000;True;1;1;;;;
21400000;10700000;True;1;1;;;;
21500000;10750000;True;2;1;;;;
21600000;10800000;True;1;1;;;;
21700000;10850000;True;2;1;;;;
21800000;10900000;True;3;1;;;;
21900000;10950000;True;2;1;;;;
22000000;11000000;True;1;1;;;;
22100000;11050000;True;3;1;;;;
22200000;11100000;True;3;1;;;;
22300000;11150000;True;2;1;;;;
22400000;11200000;True;2;1;;;;
22500000;11250000;True;3;1;;;;
22600000;11300000;True;3;1;;;;
22700000;11350000;True;1;1;;;;
22800000;11400000;True;2;1;;;;
22900000;11450000;True;2;1;;;;
23000000;11500000;True;2;1;;;;
23100000;11550000;True;3;1;;;;
23200000;11600000;True;3;1;;;;
23300000;11650000;True;3;1;;;;
23400000;11700000;True;2;1;;;;
23500000;11750000;True;3;1;;;;
23600000;11800000;True;2;1;;;;
23700000;11850000;True;3;1;;;;
23800000;11900000;True;2;1;;;;
23900000;11950000;True;0;1;;;;
24000000;12000000;True;2;1;;;;
24100000;12050000;True;2;1;;;;
24200000;12100000;True;3;1;;;;
24300000;12150000;True;2;1;;;;
24400000;12200000;True;4;1;;;;
24500000;12250000;True;2;1;;;;
24600000;12300000;True;2;1;;;;
24700000;12350000;True;1;1;;;;
24800000;12400000;True;2;1;;;;
24900000;12450000;True;1;1;;;;
25000000;12500000;True;2;1;;;;
25100000;12550000;True;3;1;;;;
25200000;12600000;True;1;1;;;;
25300000;12650000;True;2;1;;;;
25400000;12700000;True;1;1;;;;
25500000;12750000;True;1;1;;;;
25600000;12800000;True;4;1;;;;
25700000;12850000;True;2;1;;;;
25800000;12900000;True;2;1;;;;
25900000;12950000;True;3;1;;;;
26000000;13000000;True;3;1;;;;
26100000;13050000;True;1;1;;;;
26200000;13100000;True;2;1;;;;
26300000;13150000;True;1;1;;;;
26400000;13200000;True;1;1;;;;
26500000;13250000;True;2;1;;;;
26600000;13300000;True;4;1;;;;
26700000;13350000;True;1;1;;;;
26800000;13400000;True;48;1;;;;
26900000;13450000;True;3;1;;;;
27000000;13500000;True;0;1;;;;
27100000;13550000;True;1;1;;;;
27200000;13600000;True;1;1;;;;
27300000;13650000;True;2;1;;;;
27400000;13700000;True;2;1;;;;
27500000;13750000;True;1;1;;;;
27600000;13800000;True;0;1;;;;
27700000;13850000;True;2;1;;;;
27800000;13900000;True;3;1;;;;
27900000;13950000;True;2;1;;;;
28000000;14000000;True;1;1;;;;
28100000;14050000;True;2;1;;;;
28200000;14100000;True;2;1;;;;
28300000;14150000;True;3;1;;;;
28400000;14200000;True;2;1;;;;
28500000;14250000;True;3;1;;;;
28600000;14300000;True;3;1;;;;
28700000;14350000;True;3;1;;;;
28800000;14400000;True;2;1;;;;
28900000;14450000;True;2;1;;;;
29000000;14500000;True;1;1;;;;
29100000;14550000;True;0;1;;;;
29200000;14600000;True;2;1;;;;
29300000;14650000;True;2;1;;;;
29400000;14700000;True;3;1;;;;
29500000;14750000;True;3;1;;;;
29600000;14800000;True;2;1;;;;
29700000;14850000;True;2;1;;;;
29800000;14900000;True;3;1;;;;
29900000;14950000;True;3;1;;;;
30000000;15000000;True;1;1;;;;
30100000;15050000;True;2;1;;;;
30200000;15100000;True;2;1;;;;
30300000;15150000;True;2;1;;;;
30400000;15200000;True;2;1;;;;
30500000;15250000;True;0;1;;;;
30600000;15300000;True;2;1;;;;
30700000;15350000;True;3;1;;;;
30800000;15400000;True;3;1;;;;
30900000;15450000;True;1;1;;;;
31000000;15500000;True;1;1;;;;
31100000;15550000;True;3;1;;;;
31200000;15600000;True;0;1;;;;
31300000;15650000;True;4;1;;;;
31400000;15700000;True;2;1;;;;
31500000;15750000;True;1;1;;;;
31600000;15800000;True;2;1;;;;
31700000;15850000;True;2;1;;;;
31800000;15900000;True;1;1;;;;
31900000;15950000;True;2;1;;;;
32000000;16000000;True;7;1;;;;
32100000;16050000;True;0;1;;;;
32200000;16100000;True;3;1;;;;
32300000;16150000;True;1;1;;;;
32400000;16200000;True;1;1;;;;
32500000;16250000;True;3;1;;;;
32600000;16300000;True;3;1;;;;
32700000;16350000;True;2;1;;;;
32800000;16400000;True;3;1;;;;
32900000;16450000;True;1;1;;;;
33000000;16500000;True;3;1;;;;
33100000;16550000;True;1;1;;;;
33200000;16600000;True;0;1;;;;
33300000;16650000;True;0;1;;;;
33400000;16700000;True;3;1;;;;
33500000;16750000;True;1;1;;;;
33600000;16800000;True;2;1;;;;
33700000;16850000;True;1;1;;;;
33800000;16900000;True;4;1;;;;
33900000;16950000;True;1;1;;;;
34000000;17000000;True;1;1;;;;
34100000;17050000;True;1;1;;;;
34200000;17100000;True;1;1;;;;
34300000;17150000;True;2;1;;;;
34400000;17200000;True;4;1;;;;
34500000;17250000;True;2;1;;;;
34600000;17300000;True;1;1;;;;
34700000;17350000;True;2;1;;;;
34800000;17400000;True;2;1;;;;
34900000;17450000;True;2;1;;;;
35000000;17500000;True;3;1;;;;
35100000;17550000;True;1;1;;;;
35200000;17600000;True;1;1;;;;
35300000;17650000;True;2;1;;;;
35400000;17700000;True;2;1;;;;
35500000;17750000;True;2;1;;;;
35600000;17800000;True;3;1;;;;
35700000;17850000;True;2;1;;;;
35800000;17900000;True;2;1;;;;
35900000;17950000;True;1;1;;;;
36000000;18000000;True;2;1;;;;
36100000;18050000;True;2;1;;;;
36200000;18100000;True;1;1;;;;
36300000;18150000;True;2;1;;;;
36400000;18200000;True;0;1;;;;
36500000;18250000;True;2;1;;;;
36600000;18300000;True;1;1;;;;
36700000;18350000;True;3;1;;;;
36800000;18400000;True;4;1;;;;
36900000;18450000;True;3;1;;;;
37000000;18500000;True;1;1;;;;
37100000;18550000;True;3;1;;;;
37200000;18600000;True;3;1;;;;
37300000;18650000;True;2;1;;;;
37400000;18700000;True;3;1;;;;
37500000;18750000;True;1;1;;;;
37600000;18800000;True;2;1;;;;
37700000;18850000;True;3;1;;;;
37800000;18900000;True;4;1;;;;
37900000;18950000;True;3;1;;;;
38000000;19000000;True;2;1;;;;
38100000;19050000;True;2;1;;;;
38200000;19100000;True;2;1;;;;
38300000;19150000;True;2;1;;;;
38400000;19200000;True;1;1;;;;
38500000;19250000;True;3;1;;;;
38600000;19300000;True;2;1;;;;
38700000;19350000;True;2;1;;;;
38800000;19400000;True;0;1;;;;
38900000;19450000;True;1;1;;;;
39000000;19500000;True;2;1;;;;
39100000;19550000;True;2;1;;;;
39200000;19600000;True;2;1;;;;
39300000;19650000;True;2;1;;;;
39400000;19700000;True;1;1;;;;
39500000;19750000;True;2;1;;;;
39600000;19800000;True;3;1;;;;
39700000;19850000;True;2;1;;;;
39800000;19900000;True;2;1;;;;
39900000;19950000;True;3;1;;;;
40000000;20000000;True;2;1;;;;
40100000;20050000;True;3;1;;;;
40200000;20100000;True;2;1;;;;
40300000;20150000;True;2;1;;;;
40400000;20200000;True;3;1;;;;
40500000;20250000;True;3;1;;;;
40600000;20300000;True;3;1;;;;
40700000;20350000;True;1;1;;;;
40800000;20400000;True;2;1;;;;
40900000;20450000;True;2;1;;;;
41000000;20500000;True;4;1;;;;
41100000;20550000;True;1;1;;;;
41200000;20600000;True;2;1;;;;
41300000;20650000;True;0;1;;;;
41400000;20700000;True;2;1;;;;
41500000;20750000;True;4;1;;;;
41600000;20800000;True;2;1;;;;
41700000;20850000;True;2;1;;;;
41800000;20900000;True;2;1;;;;
41900000;20950000;True;0;1;;;;
42000000;21000000;True;1;1;;;;
42100000;21050000;True;2;1;;;;
42200000;21100000;True;2;1;;;;
42300000;21150000;True;2;1;;;;
42400000;21200000;True;4;1;;;;
42500000;21250000;True;3;1;;;;
42600000;21300000;True;2;1;;;;
42700000;21350000;True;1;1;;;;
42800000;21400000;True;2;1;;;;
42900000;21450000;True;1;1;;;;
43000000;21500000;True;3;1;;;;
43100000;21550000;True;0;1;;;;
43200000;21600000;True;1;1;;;;
43300000;21650000;True;2;1;;;;
43400000;21700000;True;0;1;;;;
43500000;21750000;True;2;1;;;;
43600000;21800000;True;3;1;;;;
43700000;21850000;True;1;1;;;;
43800000;21900000;True;0;1;;;;
43900000;21950000;True;0;1;;;;
44000000;22000000;True;2;1;;;;
44100000;22050000;True;1;1;;;;
44200000;22100000;True;2;1;;;;
44300000;22150000;True;1;1;;;;
44400000;22200000;True;1;1;;;;
44500000;22250000;True;1;1;;;;
44600000;22300000;True;0;1;;;;
44700000;22350000;True;1;1;;;;
44800000;22400000;True;3;1;;;;
44900000;22450000;True;2;1;;;;
45000000;22500000;True;1;1;;;;
45100000;22550000;True;2;1;;;;
45200000;22600000;True;2;1;;;;
45300000;22650000;True;3;1;;;;
45400000;22700000;True;1;1;;;;
45500000;22750000;True;1;1;;;;
45600000;22800000;True;3;1;;;;
45700000;22850000;True;1;1;;;;
45800000;22900000;True;2;1;;;;
45900000;22950000;True;3;1;;;;
46000000;23000000;True;1;1;;;;
46100000;23050000;True;2;1;;;;
46200000;23100000;True;3;1;;;;
46300000;23150000;True;3;1;;;;
46400000;23200000;True;1;1;;;;
46500000;23250000;True;1;1;;;;
46600000;23300000;True;2;1;;;;
46700000;23350000;True;2;1;;;;
46800000;23400000;True;2;1;;;;
46900000;23450000;True;2;1;;;;
47000000;23500000;True;3;1;;;;
47100000;23550000;True;2;1;;;;
47200000;23600000;True;3;1;;;;
47300000;23650000;True;3;1;;;;
47400000;23700000;True;4;1;;;;
47500000;23750000;True;0;1;;;;
47600000;23800000;True;1;1;;;;
47700000;23850000;True;1;1;;;;
47800000;23900000;True;1;1;;;;
47900000;23950000;True;2;1;;;;
48000000;24000000;True;2;1;;;;
48100000;24050000;True;2;1;;;;
48200000;24100000;True;1;1;;;;
48300000;24150000;True;2;1;;;;
48400000;24200000;True;2;1;;;;
48500000;24250000;True;1;1;;;;
48600000;24300000;True;3;1;;;;
48700000;24350000;True;2;1;;;;
48800000;24400000;True;5;1;;;;
48900000;24450000;True;2;1;;;;
49000000;24500000;True;2;1;;;;
49100000;24550000;True;0;1;;;;
49200000;24600000;True;1;1;;;;
49300000;24650000;True;3;1;;;;
49400000;24700000;True;2;1;;;;
49500000;24750000;True;1;1;;;;
49600000;24800000;True;0;1;;;;
49700000;24850000;True;2;1;;;;
49800000;24900000;True;0;1;;;;
49900000;24950000;True;2;1;;;;
50000000;25000000;True;2;1;;;;
50100000;25050000;True;3;1;;;;
50200000;25100000;True;3;1;;;;
50300000;25150000;True;2;1;;;;
50400000;25200000;True;3;1;;;;
50500000;25250000;True;3;1;;;;
50600000;25300000;True;1;1;;;;
50700000;25350000;True;3;1;;;;
50800000;25400000;True;2;1;;;;
50900000;25450000;True;3;1;;;;
51000000;25500000;True;1;1;;;;
51100000;25550000;True;1;1;;;;
51200000;25600000;True;4;1;;;;
51300000;25650000;True;0;1;;;;
51400000;25700000;True;3;1;;;;
51500000;25750000;True;1;1;;;;
51600000;25800000;True;1;1;;;;
51700000;25850000;True;2;1;;;;
51800000;25900000;True;3;1;;;;
51900000;25950000;True;3;1;;;;
52000000;26000000;True;3;1;;;;
52100000;26050000;True;2;1;;;;
52200000;26100000;True;1;1;;;;
52300000;26150000;True;2;1;;;;
52400000;26200000;True;2;1;;;;
52500000;26250000;True;1;1;;;;
52600000;26300000;True;2;1;;;;
52700000;26350000;True;3;1;;;;
52800000;26400000;True;1;1;;;;
52900000;26450000;True;1;1;;;;
53000000;26500000;True;2;1;;;;
53100000;26550000;True;1;1;;;;
53200000;26600000;True;2;1;;;;
53300000;26650000;True;2;1;;;;
53400000;26700000;True;3;1;;;;
53500000;26750000;True;2;1;;;;
53600000;26800000;True;2;1;;;;
53700000;26850000;True;1;1;;;;
53800000;26900000;True;4;1;;;;
53900000;26950000;True;0;1;;;;
54000000;27000000;True;1;1;;;;
54100000;27050000;True;2;1;;;;
54200000;27100000;True;0;1;;;;
54300000;27150000;True;0;1;;;;
54400000;27200000;True;1;1;;;;
54500000;27250000;True;3;1;;;;
54600000;27300000;True;2;1;;;;
54700000;27350000;True;2;1;;;;
54800000;27400000;True;1;1;;;;
54900000;27450000;True;1;1;;;;
55000000;27500000;True;1;1;;;;
55100000;27550000;True;3;1;;;;
55200000;27600000;True;2;1;;;;
55300000;27650000;True;1;1;;;;
55400000;27700000;True;1;1;;;;
55500000;27750000;True;1;1;;;;
55600000;27800000;True;1;1;;;;
55700000;27850000;True;1;1;;;;
55800000;27900000;True;1;1;;;;
55900000;27950000;True;1;1;;;;
56000000;28000000;True;1;1;;;;
56100000;28050000;True;3;1;;;;
56200000;28100000;True;2;1;;;;
56300000;28150000;True;2;1;;;;
56400000;28200000;True;3;1;;;;
56500000;28250000;True;3;1;;;;
56600000;28300000;True;2;1;;;;
56700000;28350000;True;0;1;;;;
56800000;28400000;True;3;1;;;;
56900000;28450000;True;1;1;;;;
57000000;28500000;True;2;1;;;;
57100000;28550000;True;1;1;;;;
57200000;28600000;True;1;1;;;;
57300000;28650000;True;1;1;;;;
57400000;28700000;True;3;1;;;;
57500000;28750000;True;2;1;;;;
57600000;28800000;True;3;1;;;;
57700000;28850000;True;2;1;;;;
57800000;28900000;True;2;1;;;;
57900000;28950000;True;1;1;;;;
58000000;29000000;True;3;1;;;;
58100000;29050000;True;2;1;;;;
58200000;29100000;True;3;1;;;;
58300000;29150000;True;2;1;;;;
58400000;29200000;True;1;1;;;;
58500000;29250000;True;2;1;;;;
58600000;29300000;True;2;1;;;;
58700000;29350000;True;2;1;;;;
58800000;29400000;True;4;1;;;;
58900000;29450000;True;2;1;;;;
59000000;29500000;True;2;1;;;;
59100000;29550000;True;3;1;;;;
59200000;29600000;True;1;1;;;;
59300000;29650000;True;2;1;;;;
59400000;29700000;True;2;1;;;;
59500000;29750000;True;2;1;;;;
59600000;29800000;True;3;1;;;;
59700000;29850000;True;2;1;;;;
59800000;29900000;True;2;1;;;;
59900000;29950000;True;2;1;;;;
60000000;30000000;True;2;1;;;;
60100000;30050000;True;2;1;;;;
60200000;30100000;True;1;1;;;;
60300000;30150000;True;2;1;;;;
60400000;30200000;True;1;1;;;;
60500000;30250000;True;1;1;;;;
60600000;30300000;True;2;1;;;;
60700000;30350000;True;3;1;;;;
60800000;30400000;True;1;1;;;;
60900000;30450000;True;3;1;;;;
61000000;30500000;True;1;1;;;;
61100000;30550000;True;1;1;;;;
61200000;30600000;True;2;1;;;;
61300000;30650000;True;2;1;;;;
61400000;30700000;True;1;1;;;;
61500000;30750000;True;2;1;;;;
61600000;30800000;True;2;1;;;;
61700000;30850000;True;2;1;;;;
61800000;30900000;True;2;1;;;;
61900000;30950000;True;2;1;;;;
62000000;31000000;True;3;1;;;;
62100000;31050000;True;2;1;;;;
62200000;31100000;True;2;1;;;;
62300000;31150000;True;1;1;;;;
62400000;31200000;True;2;1;;;;
62500000;31250000;True;3;1;;;;
62600000;31300000;True;2;1;;;;
62700000;31350000;True;2;1;;;;
62800000;31400000;True;3;1;;;;
62900000;31450000;True;2;1;;;;
63000000;31500000;True;2;1;;;;
63100000;31550000;True;4;1;;;;
63200000;31600000;True;2;1;;;;
63300000;31650000;True;2;1;;;;
63400000;31700000;True;3;1;;;;
63500000;31750000;True;0;1;;;;
63600000;31800000;True;2;1;;;;
63700000;31850000;True;1;1;;;;
63800000;31900000;True;2;1;;;;
63900000;31950000;True;2;1;;;;
64000000;32000000;True;1;1;;;;
64100000;32050000;True;2;1;;;;
64200000;32100000;True;2;1;;;;
64300000;32150000;True;2;1;;;;
64400000;32200000;True;0;1;;;;
64500000;32250000;True;1;1;;;;
64600000;32300000;True;3;1;;;;
64700000;32350000;True;2;1;;;;
64800000;32400000;True;1;1;;;;
64900000;32450000;True;2;1;;;;
65000000;32500000;True;3;1;;;;
65100000;32550000;True;2;1;;;;
65200000;32600000;True;2;1;;;;
65300000;32650000;True;3;1;;;;
65400000;32700000;True;2;1;;;;
65500000;32750000;True;3;1;;;;
65600000;32800000;True;2;1;;;;
65700000;32850000;True;2;1;;;;
65800000;32900000;True;4;1;;;;
65900000;32950000;True;1;1;;;;
66000000;33000000;True;3;1;;;;
66100000;33050000;True;1;1;;;;
66200000;33100000;True;3;1;;;;
66300000;33150000;True;3;1;;;;
66400000;33200000;True;3;1;;;;
66500000;33250000;True;1;1;;;;
66600000;33300000;True;2;1;;;;
66700000;33350000;True;1;1;;;;
66800000;33400000;True;2;1;;;;
66900000;33450000;True;1;1;;;;
67000000;33500000;True;2;1;;;;
67100000;33550000;True;2;1;;;;
67200000;33600000;True;2;1;;;;
67300000;33650000;True;4;1;;;;
67400000;33700000;True;2;1;;;;
67500000;33750000;True;2;1;;;;
67600000;33800000;True;2;1;;;;
67700000;33850000;True;2;1;;;;
67800000;33900000;True;2;1;;;;
67900000;33950000;True;3;1;;;;
68000000;34000000;True;1;1;;;;
68100000;34050000;True;2;1;;;;
68200000;34100000;True;1;1;;;;
68300000;34150000;True;0;1;;;;
68400000;34200000;True;1;1;;;;
68500000;34250000;True;1;1;;;;
68600000;34300000;True;2;1;;;;
68700000;34350000;True;0;1;;;;
68800000;34400000;True;2;1;;;;
68900000;34450000;True;2;1;;;;
69000000;34500000;True;3;1;;;;
69100000;34550000;True;3;1;;;;
69200000;34600000;True;2;1;;;;
69300000;34650000;True;2;1;;;;
69400000;34700000;True;3;1;;;;
69500000;34750000;True;2;1;;;;
69600000;34800000;True;4;1;;;;
69700000;34850000;True;3;1;;;;
69800000;34900000;True;0;1;;;;
69900000;34950000;True;1;1;;;;
70000000;35000000;True;2;1;;;;
70100000;35050000;True;2;1;;;;
70200000;35100000;True;3;1;;;;
70300000;35150000;True;2;1;;;;
70400000;35200000;True;3;1;;;;
70500000;35250000;True;1;1;;;;
70600000;35300000;True;2;1;;;;
70700000;35350000;True;3;1;;;;
70800000;35400000;True;3;1;;;;
70900000;35450000;True;4;1;;;;
71000000;35500000;True;3;1;;;;
71100000;35550000;True;0;1;;;;
71200000;35600000;True;1;1;;;;
71300000;35650000;True;2;1;;;;
71400000;35700000;True;4;1;;;;
71500000;35750000;True;1;1;;;;
71600000;35800000;True;2;1;;;;
71700000;35850000;True;4;1;;;;
71800000;35900000;True;1;1;;;;
71900000;35950000;True;2;1;;;;
72000000;36000000;True;1;1;;;;
72100000;36050000;True;2;1;;;;
72200000;36100000;True;2;1;;;;
72300000;36150000;True;3;1;;;;
72400000;36200000;True;2;1;;;;
72500000;36250000;True;2;1;;;;
72600000;36300000;True;3;1;;;;
72700000;36350000;True;1;1;;;;
72800000;36400000;True;2;1;;;;
72900000;36450000;True;2;1;;;;
73000000;36500000;True;3;1;;;;
73100000;36550000;True;5;1;;;;
73200000;36600000;True;0;1;;;;
73300000;36650000;True;2;1;;;;
73400000;36700000;True;2;1;;;;
73500000;36750000;True;3;1;;;;
73600000;36800000;True;2;1;;;;
73700000;36850000;True;2;1;;;;
73800000;36900000;True;2;1;;;;
73900000;36950000;True;2;1;;;;
74000000;37000000;True;2;1;;;;
74100000;37050000;True;2;1;;;;
74200000;37100000;True;1;1;;;;
74300000;37150000;True;1;1;;;;
74400000;37200000;True;1;1;;;;
74500000;37250000;True;3;1;;;;
74600000;37300000;True;2;1;;;;
74700000;37350000;True;2;1;;;;
74800000;37400000;True;4;1;;;;
74900000;37450000;True;3;1;;;;
75000000;37500000;True;3;1;;;;
75100000;37550000;True;1;1;;;;
75200000;37600000;True;2;1;;;;
75300000;37650000;True;1;1;;;;
75400000;37700000;True;3;1;;;;
75500000;37750000;True;3;1;;;;
75600000;37800000;True;3;1;;;;
75700000;37850000;True;2;1;;;;
75800000;37900000;True;2;1;;;;
75900000;37950000;True;3;1;;;;
76000000;38000000;True;3;1;;;;
76100000;38050000;True;2;1;;;;
76200000;38100000;True;2;1;;;;
76300000;38150000;True;2;1;;;;
76400000;38200000;True;2;1;;;;
76500000;38250000;True;0;1;;;;
76600000;38300000;True;3;1;;;;
76700000;38350000;True;3;1;;;;
76800000;38400000;True;3;1;;;;
76900000;38450000;True;1;1;;;;
77000000;38500000;True;2;1;;;;
77100000;38550000;True;1;1;;;;
77200000;38600000;True;3;1;;;;
77300000;38650000;True;1;1;;;;
77400000;38700000;True;3;1;;;;
77500000;38750000;True;2;1;;;;
77600000;38800000;True;2;1;;;;
77700000;38850000;True;3;1;;;;
77800000;38900000;True;4;1;;;;
77900000;38950000;True;2;1;;;;
78000000;39000000;True;2;1;;;;
78100000;39050000;True;2;1;;;;
78200000;39100000;True;3;1;;;;
78300000;39150000;True;2;1;;;;
78400000;39200000;True;3;1;;;;
78500000;39250000;True;0;1;;;;
78600000;39300000;True;3;1;;;;
78700000;39350000;True;2;1;;;;
78800000;39400000;True;3;1;;;;
78900000;39450000;True;1;1;;;;
79000000;39500000;True;4;1;;;;
79100000;39550000;True;2;1;;;;
79200000;39600000;True;1;1;;;;
79300000;39650000;True;1;1;;;;
79400000;39700000;True;4;1;;;;
79500000;39750000;True;2;1;;;;
79600000;39800000;True;4;1;;;;
79700000;39850000;True;2;1;;;;
79800000;39900000;True;2;1;;;;
79900000;39950000;True;4;1;;;;
80000000;40000000;True;3;1;;;;
80100000;40050000;True;4;1;;;;
80200000;40100000;True;2;1;;;;
80300000;40150000;True;4;1;;;;
80400000;40200000;True;2;1;;;;
80500000;40250000;True;2;1;;;;
80600000;40300000;True;2;1;;;;
80700000;40350000;True;4;1;;;;
80800000;40400000;True;2;1;;;;
80900000;40450000;True;3;1;;;;
81000000;40500000;True;3;1;;;;
81100000;40550000;True;0;1;;;;
81200000;40600000;True;1;1;;;;
81300000;40650000;True;2;1;;;;
81400000;40700000;True;1;1;;;;
81500000;40750000;True;2;1;;;;
81600000;40800000;True;3;1;;;;
81700000;40850000;True;2;1;;;;
81800000;40900000;True;3;1;;;;
81900000;40950000;True;2;1;;;;
82000000;41000000;True;1;1;;;;
82100000;41050000;True;1;1;;;;
82200000;41100000;True;2;1;;;;
82300000;41150000;True;2;1;;;;
82400000;41200000;True;1;1;;;;
82500000;41250000;True;2;1;;;;
82600000;41300000;True;1;1;;;;
82700000;41350000;True;0;1;;;;
82800000;41400000;True;1;1;;;;
82900000;41450000;True;3;1;;;;
83000000;41500000;True;1;1;;;;
83100000;41550000;True;2;1;;;;
83200000;41600000;True;4;1;;;;
83300000;41650000;True;1;1;;;;
83400000;41700000;True;2;1;;;;
83500000;41750000;True;0;1;;;;
83600000;41800000;True;1;1;;;;
83700000;41850000;True;0;1;;;;
83800000;41900000;True;3;1;;;;
83900000;41950000;True;3;1;;;;
84000000;42000000;True;3;1;;;;
84100000;42050000;True;2;1;;;;
84200000;42100000;True;2;1;;;;
84300000;42150000;True;2;1;;;;
84400000;42200000;True;1;1;;;;
84500000;42250000;True;3;1;;;;
84600000;42300000;True;2;1;;;;
84700000;42350000;True;3;1;;;;
84800000;42400000;True;4;1;;;;
84900000;42450000;True;2;1;;;;
85000000;42500000;True;1;1;;;;
85100000;42550000;True;1;1;;;;
85200000;42600000;True;0;1;;;;
85300000;42650000;True;1;1;;;;
85400000;42700000;True;4;1;;;;
85500000;42750000;True;1;1;;;;
85600000;42800000;True;2;1;;;;
85700000;42850000;True;4;1;;;;
85800000;42900000;True;2;1;;;;
85900000;42950000;True;3;1;;;;
86000000;43000000;True;3;1;;;;
86100000;43050000;True;2;1;;;;
86200000;43100000;True;3;1;;;;
86300000;43150000;True;1;1;;;;
86400000;43200000;True;4;1;;;;
86500000;43250000;True;1;1;;;;
86600000;43300000;True;3;1;;;;
86700000;43350000;True;4;1;;;;
86800000;43400000;True;2;1;;;;
86900000;43450000;True;2;1;;;;
87000000;43500000;True;2;1;;;;
87100000;43550000;True;0;1;;;;
87200000;43600000;True;1;1;;;;
87300000;43650000;True;2;1;;;;
87400000;43700000;True;5;1;;;;
87500000;43750000;True;2;1;;;;
87600000;43800000;True;3;1;;;;
87700000;43850000;True;1;1;;;;
87800000;43900000;True;3;1;;;;
87900000;43950000;True;2;1;;;;
88000000;44000000;True;1;1;;;;
88100000;44050000;True;0;1;;;;
88200000;44100000;True;1;1;;;;
88300000;44150000;True;3;1;;;;
88400000;44200000;True;1;1;;;;
88500000;44250000;True;2;1;;;;
88600000;44300000;True;2;1;;;;
88700000;44350000;True;1;1;;;;
88800000;44400000;True;3;1;;;;
88900000;44450000;True;3;1;;;;
89000000;44500000;True;1;1;;;;
89100000;44550000;True;3;1;;;;
89200000;44600000;True;4;1;;;;
89300000;44650000;True;1;1;;;;
89400000;44700000;True;2;1;;;;
89500000;44750000;True;4;1;;;;
89600000;44800000;True;2;1;;;;
89700000;44850000;True;3;1;;;;
89800000;44900000;True;2;1;;;;
89900000;44950000;True;2;1;;;;
90000000;45000000;True;3;1;;;;
90100000;45050000;True;1;1;;;;
90200000;45100000;True;2;1;;;;
90300000;45150000;True;1;1;;;;
90400000;45200000;True;4;1;;;;
90500000;45250000;True;2;1;;;;
90600000;45300000;True;0;1;;;;
90700000;45350000;True;1;1;;;;
90800000;45400000;True;3;1;;;;
90900000;45450000;True;2;1;;;;
91000000;45500000;True;4;1;;;;
91100000;45550000;True;3;1;;;;
91200000;45600000;True;1;1;;;;
91300000;45650000;True;0;1;;;;
91400000;45700000;True;2;1;;;;
91500000;45750000;True;1;1;;;;
91600000;45800000;True;3;1;;;;
91700000;45850000;True;3;1;;;;
91800000;45900000;True;1;1;;;;
91900000;45950000;True;2;1;;;;
92000000;46000000;True;3;1;;;;
92100000;46050000;True;1;1;;;;
92200000;46100000;True;2;1;;;;
92300000;46150000;True;3;1;;;;
92400000;46200000;True;1;1;;;;
92500000;46250000;True;2;1;;;;
92600000;46300000;True;2;1;;;;
92700000;46350000;True;5;1;;;;
92800000;46400000;True;2;1;;;;
92900000;46450000;True;3;1;;;;
93000000;46500000;True;3;1;;;;
93100000;46550000;True;0;1;;;;
93200000;46600000;True;2;1;;;;
93300000;46650000;True;3;1;;;;
93400000;46700000;True;3;1;;;;
93500000;46750000;True;2;1;;;;
93600000;46800000;True;3;1;;;;
93700000;46850000;True;1;1;;;;
93800000;46900000;True;1;1;;;;
93900000;46950000;True;2;1;;;;
94000000;47000000;True;2;1;;;;
94100000;47050000;True;2;1;;;;
94200000;47100000;True;2;1;;;;
94300000;47150000;True;3;1;;;;
94400000;47200000;True;1;1;;;;
94500000;47250000;True;3;1;;;;
94600000;47300000;True;1;1;;;;
94700000;47350000;True;1;1;;;;
94800000;47400000;True;3;1;;;;
94900000;47450000;True;3;1;;;;
95000000;47500000;True;2;1;;;;
95100000;47550000;True;2;1;;;;
95200000;47600000;True;2;1;;;;
95300000;47650000;True;4;1;;;;
95400000;47700000;True;1;1;;;;
95500000;47750000;True;3;1;;;;
95600000;47800000;True;0;1;;;;
95700000;47850000;True;2;1;;;;
95800000;47900000;True;3;1;;;;
95900000;47950000;True;3;1;;;;
96000000;48000000;True;2;1;;;;
96100000;48050000;True;2;1;;;;
96200000;48100000;True;0;1;;;;
96300000;48150000;True;2;1;;;;
96400000;48200000;True;3;1;;;;
96500000;48250000;True;3;1;;;;
96600000;48300000;True;1;1;;;;
96700000;48350000;True;3;1;;;;
96800000;48400000;True;2;1;;;;
96900000;48450000;True;0;1;;;;
97000000;48500000;True;1;1;;;;
97100000;48550000;True;3;1;;;;
97200000;48600000;True;4;1;;;;
97300000;48650000;True;1;1;;;;
97400000;48700000;True;3;1;;;;
97500000;48750000;True;1;1;;;;
97600000;48800000;True;2;1;;;;
97700000;48850000;True;3;1;;;;
97800000;48900000;True;2;1;;;;
97900000;48950000;True;4;1;;;;
98000000;49000000;True;3;1;;;;
98100000;49050000;True;2;1;;;;
98200000;49100000;True;3;1;;;;
98300000;49150000;True;3;1;;;;
98400000;49200000;True;2;1;;;;
98500000;49250000;True;4;1;;;;
98600000;49300000;True;3;1;;;;
98700000;49350000;True;2;1;;;;
98800000;49400000;True;1;1;;;;
98900000;49450000;True;2;1;;;;
99000000;49500000;True;1;1;;;;
99100000;49550000;True;3;1;;;;
99200000;49600000;True;2;1;;;;
99300000;49650000;True;3;1;;;;
99400000;49700000;True;2;1;;;;
99500000;49750000;True;3;1;;;;
99600000;49800000;True;2;1;;;;
99700000;49850000;True;2;1;;;;
99800000;49900000;True;2;1;;;;
99900000;49950000;True;4;1;;;;
100000000;50000000;True;2;1;;;;
100100000;50050000;True;2;1;;;;
100200000;50100000;True;3;1;;;;
100300000;50150000;True;2;1;;;;
100400000;50200000;True;2;1;;;;
100500000;50250000;True;2;1;;;;
100600000;50300000;True;4;1;;;;
100700000;50350000;True;3;1;;;;
100800000;50400000;True;3;1;;;;
100900000;50450000;True;1;1;;;;
101000000;50500000;True;0;1;;;;
101100000;50550000;True;2;1;;;;
101200000;50600000;True;4;1;;;;
101300000;50650000;True;2;1;;;;
101400000;50700000;True;2;1;;;;
101500000;50750000;True;3;1;;;;
101600000;50800000;True;1;1;;;;
101700000;50850000;True;2;1;;;;
101800000;50900000;True;4;1;;;;
101900000;50950000;True;4;1;;;;
102000000;51000000;True;3;1;;;;
102100000;51050000;True;4;1;;;;
102200000;51100000;True;2;1;;;;
102300000;51150000;True;2;1;;;;
102400000;51200000;True;2;1;;;;
102500000;51250000;True;1;1;;;;
102600000;51300000;True;2;1;;;;
102700000;51350000;True;2;1;;;;
102800000;51400000;True;2;1;;;;
102900000;51450000;True;2;1;;;;
103000000;51500000;True;1;1;;;;
103100000;51550000;True;0;1;;;;
103200000;51600000;True;1;1;;;;
103300000;51650000;True;2;1;;;;
103400000;51700000;True;3;1;;;;
103500000;51750000;True;1;1;;;;
103600000;51800000;True;2;1;;;;
103700000;51850000;True;2;1;;;;
103800000;51900000;True;2;1;;;;
103900000;51950000;True;2;1;;;;
104000000;52000000;True;4;1;;;;
104100000;52050000;True;4;1;;;;
104200000;52100000;True;2;1;;;;
104300000;52150000;True;2;1;;;;
104400000;52200000;True;2;1;;;;
104500000;52250000;True;2;1;;;;
104600000;52300000;True;3;1;;;;
104700000;52350000;True;2;1;;;;
104800000;52400000;True;2;1;;;;
104900000;52450000;True;2;1;;;;
105000000;52500000;True;1;1;;;;
105100000;52550000;True;1;1;;;;
105200000;52600000;True;3;1;;;;
105300000;52650000;True;2;1;;;;
105400000;52700000;True;2;1;;;;
105500000;52750000;True;1;1;;;;
105600000;52800000;True;4;1;;;;
105700000;52850000;True;2;1;;;;
105800000;52900000;True;4;1;;;;
105900000;52950000;True;3;1;;;;
106000000;53000000;True;3;1;;;;
106100000;53050000;True;0;1;;;;
106200000;53100000;True;3;1;;;;
106300000;53150000;True;1;1;;;;
106400000;53200000;True;3;1;;;;
106500000;53250000;True;3;1;;;;
106600000;53300000;True;1;1;;;;
106700000;53350000;True;2;1;;;;
106800000;53400000;True;3;1;;;;
106900000;53450000;True;3;1;;;;
107000000;53500000;True;2;1;;;;
107100000;53550000;True;3;1;;;;
107200000;53600000;True;0;1;;;;
107300000;53650000;True;1;1;;;;
107400000;53700000;True;3;1;;;;
107500000;53750000;True;4;1;;;;
107600000;53800000;True;1;1;;;;
107700000;53850000;True;3;1;;;;
107800000;53900000;True;2;1;;;;
107900000;53950000;True;2;1;;;;
108000000;54000000;True;4;1;;;;
108100000;54050000;True;2;1;;;;
108200000;54100000;True;2;1;;;;
108300000;54150000;True;4;1;;;;
108400000;54200000;True;2;1;;;;
108500000;54250000;True;3;1;;;;
108600000;54300000;True;3;1;;;;
108700000;54350000;True;2;1;;;;
108800000;54400000;True;1;1;;;;
108900000;54450000;True;3;1;;;;
109000000;54500000;True;3;1;;;;
109100000;54550000;True;1;1;;;;
109200000;54600000;True;3;1;;;;
109300000;54650000;True;2;1;;;;
109400000;54700000;True;1;1;;;;
109500000;54750000;True;1;1;;;;
109600000;54800000;True;3;1;;;;
109700000;54850000;True;3;1;;;;
109800000;54900000;True;2;1;;;;
109900000;54950000;True;4;1;;;;
110000000;55000000;True;2;1;;;;
110100000;55050000;True;2;1;;;;
110200000;55100000;True;3;1;;;;
110300000;55150000;True;1;1;;;;
110400000;55200000;True;3;1;;;;
110500000;55250000;True;2;1;;;;
110600000;55300000;True;2;1;;;;
110700000;55350000;True;2;1;;;;
110800000;55400000;True;2;1;;;;
110900000;55450000;True;2;1;;;;
111000000;55500000;True;2;1;;;;
111100000;55550000;True;2;1;;;;
111200000;55600000;True;2;1;;;;
